CustomerID,CustomerName,Gender,Age,City,CustomerSegment,JoinDate
C0001,Customer 1,Male,34,Abuja,Home Office,2023-07-31
C0002,Customer 2,Female,26,Port Harcourt,Corporate,2022-05-17
C0003,Customer 3,Male,50,Lagos,Consumer,2023-03-04
C0004,Customer 4,Male,37,Kaduna,Corporate,2023-09-04
C0005,Customer 5,Male,30,Port Harcourt,Consumer,2024-06-29
C0006,Customer 6,Female,45,Port Harcourt,Consumer,2024-03-29
C0007,Customer 7,Male,65,Ibadan,Consumer,2022-05-21
C0008,Customer 8,Male,46,Kano,Home Office,2025-01-11
C0009,Customer 9,Male,30,Lagos,Consumer,2022-06-26
C0010,Customer 10,Female,63,Port Harcourt,Corporate,2022-07-17
C0011,Customer 11,Male,52,Lagos,Consumer,2023-09-16
C0012,Customer 12,Male,23,Abuja,Consumer,2023-11-22
C0013,Customer 13,Male,35,Ibadan,Consumer,2025-12-15
C0014,Customer 14,Male,68,Abuja,Consumer,2023-02-05
C0015,Customer 15,Female,22,Lagos,Corporate,2023-04-16
C0016,Customer 16,Male,64,Benin City,Consumer,2022-08-06
C0017,Customer 17,Female,42,Kaduna,Corporate,2024-07-17
C0018,Customer 18,Female,19,Lagos,Corporate,2023-09-24
C0019,Customer 19,Female,27,Kano,Home Office,2024-08-08
C0020,Customer 20,Male,47,Port Harcourt,Consumer,2024-06-24
C0021,Customer 21,Female,67,Port Harcourt,Consumer,2022-06-24
C0022,Customer 22,Male,62,Abuja,Consumer,2022-01-23
C0023,Customer 23,Female,22,Kaduna,Home Office,2022-08-23
C0024,Customer 24,Female,50,Ibadan,Home Office,2024-11-02
C0025,Customer 25,Female,18,Benin City,Consumer,2025-01-29
C0026,Customer 26,Female,35,Enugu,Corporate,2024-07-17
C0027,Customer 27,Female,49,Kaduna,Consumer,2023-06-07
C0028,Customer 28,Female,64,Port Harcourt,Corporate,2023-03-07
C0029,Customer 29,Female,66,Kano,Consumer,2024-03-03
C0030,Customer 30,Female,28,Kaduna,Corporate,2023-06-17
C0031,Customer 31,Male,38,Abuja,Consumer,2024-09-05
C0032,Customer 32,Male,43,Abuja,Corporate,2025-08-09
C0033,Customer 33,Female,42,Enugu,Corporate,2024-03-20
C0034,Customer 34,Female,39,Kano,Corporate,2024-07-01
C0035,Customer 35,Female,44,Ibadan,Consumer,2025-01-29
C0036,Customer 36,Male,66,Kaduna,Consumer,2025-08-20
C0037,Customer 37,Female,30,Kano,Consumer,2024-05-20
C0038,Customer 38,Male,50,Ibadan,Consumer,2023-06-24
C0039,Customer 39,Male,51,Kano,Consumer,2024-10-20
C0040,Customer 40,Male,58,Kano,Home Office,2025-10-10
C0041,Customer 41,Male,52,Lagos,Consumer,2025-08-19
C0042,Customer 42,Male,18,Abuja,Consumer,2022-08-15
C0043,Customer 43,Female,38,Kaduna,Consumer,2025-06-13
C0044,Customer 44,Female,65,Kano,Consumer,2024-05-22
C0045,Customer 45,Female,23,Kaduna,Corporate,2024-06-10
C0046,Customer 46,Female,45,Enugu,Consumer,2024-11-02
C0047,Customer 47,Female,34,Kano,Home Office,2022-07-29
C0048,Customer 48,Male,22,Port Harcourt,Consumer,2024-01-11
C0049,Customer 49,Female,48,Abuja,Home Office,2023-02-01
C0050,Customer 50,Female,22,Port Harcourt,Home Office,2025-01-28
C0051,Customer 51,Male,55,Kaduna,Consumer,2022-01-31
C0052,Customer 52,Female,20,Kaduna,Home Office,2024-06-16
C0053,Customer 53,Male,40,Abuja,Consumer,2023-10-11
C0054,Customer 54,Female,54,Kaduna,Corporate,2022-11-25
C0055,Customer 55,Male,54,Port Harcourt,Consumer,2025-04-04
C0056,Customer 56,Female,27,Kano,Home Office,2024-08-09
C0057,Customer 57,Female,27,Kano,Home Office,2025-01-28
C0058,Customer 58,Male,36,Lagos,Corporate,2023-09-13
C0059,Customer 59,Male,34,Enugu,Corporate,2025-04-11
C0060,Customer 60,Male,38,Kaduna,Consumer,2022-06-11
C0061,Customer 61,Male,31,Port Harcourt,Consumer,2024-02-15
C0062,Customer 62,Male,26,Kaduna,Consumer,2025-07-10
C0063,Customer 63,Male,63,Kaduna,Consumer,2022-10-01
C0064,Customer 64,Male,18,Ibadan,Corporate,2024-10-23
C0065,Customer 65,Male,68,Lagos,Consumer,2024-11-17
C0066,Customer 66,Female,62,Port Harcourt,Home Office,2022-11-22
C0067,Customer 67,Female,30,Port Harcourt,Corporate,2024-07-28
C0068,Customer 68,Male,21,Kaduna,Corporate,2025-03-18
C0069,Customer 69,Female,18,Lagos,Consumer,2023-06-24
C0070,Customer 70,Female,66,Kano,Home Office,2023-05-03
C0071,Customer 71,Female,57,Port Harcourt,Home Office,2024-04-01
C0072,Customer 72,Female,49,Kano,Consumer,2024-12-24
C0073,Customer 73,Male,51,Lagos,Corporate,2022-12-22
C0074,Customer 74,Female,45,Kano,Corporate,2025-06-29
C0075,Customer 75,Male,48,Abuja,Consumer,2022-08-23
C0076,Customer 76,Female,25,Ibadan,Consumer,2022-08-15
C0077,Customer 77,Female,56,Benin City,Consumer,2025-08-29
C0078,Customer 78,Female,43,Port Harcourt,Consumer,2022-02-18
C0079,Customer 79,Male,51,Enugu,Consumer,2022-04-28
C0080,Customer 80,Female,20,Ibadan,Consumer,2022-02-23
C0081,Customer 81,Male,67,Benin City,Consumer,2023-07-19
C0082,Customer 82,Female,29,Kano,Consumer,2024-12-03
C0083,Customer 83,Male,18,Port Harcourt,Home Office,2022-02-22
C0084,Customer 84,Female,61,Kano,Consumer,2023-07-12
C0085,Customer 85,Male,22,Abuja,Home Office,2025-01-30
C0086,Customer 86,Male,47,Lagos,Consumer,2024-05-17
C0087,Customer 87,Female,47,Port Harcourt,Consumer,2023-02-02
C0088,Customer 88,Male,34,Benin City,Consumer,2025-03-07
C0089,Customer 89,Female,65,Benin City,Consumer,2023-11-06
C0090,Customer 90,Female,64,Abuja,Consumer,2023-01-22
C0091,Customer 91,Female,40,Abuja,Corporate,2022-04-21
C0092,Customer 92,Female,32,Kaduna,Consumer,2023-09-06
C0093,Customer 93,Female,54,Port Harcourt,Corporate,2022-01-17
C0094,Customer 94,Female,38,Kano,Corporate,2025-04-20
C0095,Customer 95,Female,31,Enugu,Consumer,2024-06-02
C0096,Customer 96,Female,19,Benin City,Consumer,2023-06-25
C0097,Customer 97,Female,28,Benin City,Corporate,2022-06-20
C0098,Customer 98,Female,68,Abuja,Consumer,2023-02-13
C0099,Customer 99,Female,56,Ibadan,Consumer,2024-01-10
C0100,Customer 100,Male,55,Abuja,Home Office,2025-11-02
C0101,Customer 101,Male,51,Enugu,Consumer,2025-04-26
C0102,Customer 102,Female,55,Kano,Corporate,2024-05-07
C0103,Customer 103,Female,67,Kano,Home Office,2022-08-18
C0104,Customer 104,Female,51,Ibadan,Consumer,2022-04-29
C0105,Customer 105,Female,35,Benin City,Consumer,2025-03-25
C0106,Customer 106,Female,47,Abuja,Consumer,2024-02-23
C0107,Customer 107,Female,32,Kaduna,Consumer,2023-04-10
C0108,Customer 108,Female,44,Kano,Consumer,2022-04-14
C0109,Customer 109,Female,68,Enugu,Corporate,2023-11-29
C0110,Customer 110,Male,51,Port Harcourt,Consumer,2022-06-24
C0111,Customer 111,Female,69,Lagos,Consumer,2024-01-15
C0112,Customer 112,Male,55,Lagos,Home Office,2025-12-15
C0113,Customer 113,Female,50,Lagos,Corporate,2025-03-03
C0114,Customer 114,Female,41,Kaduna,Corporate,2025-11-15
C0115,Customer 115,Male,32,Benin City,Consumer,2023-10-27
C0116,Customer 116,Female,47,Abuja,Corporate,2022-02-02
C0117,Customer 117,Male,59,Ibadan,Consumer,2022-02-24
C0118,Customer 118,Female,68,Kaduna,Consumer,2023-06-03
C0119,Customer 119,Female,34,Kaduna,Consumer,2024-01-26
C0120,Customer 120,Male,22,Kano,Home Office,2022-01-12
C0121,Customer 121,Female,46,Port Harcourt,Consumer,2023-12-21
C0122,Customer 122,Male,21,Kaduna,Consumer,2023-07-09
C0123,Customer 123,Female,27,Enugu,Consumer,2023-01-08
C0124,Customer 124,Male,34,Port Harcourt,Consumer,2023-04-29
C0125,Customer 125,Male,27,Enugu,Corporate,2024-08-30
C0126,Customer 126,Female,34,Benin City,Corporate,2025-06-05
C0127,Customer 127,Female,37,Abuja,Corporate,2023-09-15
C0128,Customer 128,Male,41,Lagos,Consumer,2022-11-03
C0129,Customer 129,Female,22,Kaduna,Consumer,2023-04-02
C0130,Customer 130,Female,51,Abuja,Consumer,2022-06-09
C0131,Customer 131,Female,23,Benin City,Consumer,2022-11-27
C0132,Customer 132,Male,19,Ibadan,Consumer,2024-02-15
C0133,Customer 133,Male,30,Ibadan,Corporate,2022-08-13
C0134,Customer 134,Male,60,Benin City,Consumer,2024-09-09
C0135,Customer 135,Male,60,Enugu,Consumer,2023-12-30
C0136,Customer 136,Male,65,Kano,Consumer,2024-12-04
C0137,Customer 137,Male,28,Kano,Consumer,2025-05-22
C0138,Customer 138,Male,68,Enugu,Consumer,2024-12-18
C0139,Customer 139,Male,64,Ibadan,Home Office,2023-10-06
C0140,Customer 140,Male,40,Ibadan,Corporate,2023-09-08
C0141,Customer 141,Female,33,Kaduna,Home Office,2022-07-14
C0142,Customer 142,Male,48,Ibadan,Consumer,2023-05-04
C0143,Customer 143,Female,28,Abuja,Consumer,2022-06-06
C0144,Customer 144,Female,33,Ibadan,Consumer,2023-09-02
C0145,Customer 145,Female,25,Port Harcourt,Consumer,2025-06-03
C0146,Customer 146,Male,21,Kaduna,Corporate,2023-02-16
C0147,Customer 147,Male,57,Lagos,Consumer,2025-05-13
C0148,Customer 148,Male,21,Ibadan,Consumer,2025-01-07
C0149,Customer 149,Male,42,Enugu,Consumer,2025-02-21
C0150,Customer 150,Female,20,Lagos,Consumer,2023-04-16
C0151,Customer 151,Male,49,Abuja,Corporate,2025-05-26
C0152,Customer 152,Male,20,Enugu,Consumer,2023-05-31
C0153,Customer 153,Male,44,Lagos,Consumer,2025-02-01
C0154,Customer 154,Male,46,Enugu,Consumer,2023-01-28
C0155,Customer 155,Male,49,Abuja,Consumer,2023-09-23
C0156,Customer 156,Female,67,Kaduna,Corporate,2023-08-31
C0157,Customer 157,Male,68,Port Harcourt,Home Office,2024-09-06
C0158,Customer 158,Female,36,Abuja,Home Office,2023-03-10
C0159,Customer 159,Male,38,Abuja,Corporate,2025-09-16
C0160,Customer 160,Female,22,Enugu,Consumer,2025-03-12
C0161,Customer 161,Male,35,Kaduna,Corporate,2023-06-24
C0162,Customer 162,Male,45,Benin City,Consumer,2022-10-05
C0163,Customer 163,Female,59,Kano,Consumer,2022-08-21
C0164,Customer 164,Female,39,Ibadan,Corporate,2025-01-18
C0165,Customer 165,Female,38,Ibadan,Consumer,2025-05-07
C0166,Customer 166,Male,23,Port Harcourt,Home Office,2022-12-28
C0167,Customer 167,Female,18,Port Harcourt,Consumer,2022-01-26
C0168,Customer 168,Male,22,Ibadan,Corporate,2024-11-14
C0169,Customer 169,Male,58,Kano,Corporate,2025-11-18
C0170,Customer 170,Female,29,Ibadan,Home Office,2023-05-22
C0171,Customer 171,Female,43,Benin City,Corporate,2025-08-17
C0172,Customer 172,Male,63,Kano,Corporate,2025-09-24
C0173,Customer 173,Male,51,Port Harcourt,Consumer,2022-09-24
C0174,Customer 174,Female,66,Lagos,Consumer,2023-04-06
C0175,Customer 175,Female,31,Enugu,Consumer,2023-04-01
C0176,Customer 176,Female,43,Benin City,Corporate,2025-10-15
C0177,Customer 177,Male,62,Benin City,Consumer,2024-12-27
C0178,Customer 178,Male,44,Kaduna,Corporate,2024-10-03
C0179,Customer 179,Male,26,Port Harcourt,Consumer,2024-05-12
C0180,Customer 180,Male,43,Port Harcourt,Consumer,2025-12-06
C0181,Customer 181,Male,64,Abuja,Corporate,2023-05-06
C0182,Customer 182,Male,39,Benin City,Consumer,2024-12-08
C0183,Customer 183,Female,64,Abuja,Consumer,2023-07-18
C0184,Customer 184,Male,47,Abuja,Consumer,2025-01-30
C0185,Customer 185,Male,60,Enugu,Home Office,2022-08-04
C0186,Customer 186,Male,65,Abuja,Corporate,2023-07-13
C0187,Customer 187,Female,34,Kano,Consumer,2022-06-08
C0188,Customer 188,Male,43,Ibadan,Consumer,2023-05-04
C0189,Customer 189,Male,53,Lagos,Consumer,2023-11-17
C0190,Customer 190,Female,18,Port Harcourt,Corporate,2025-06-19
C0191,Customer 191,Male,25,Kano,Corporate,2024-03-04
C0192,Customer 192,Male,66,Lagos,Consumer,2022-01-05
C0193,Customer 193,Male,52,Benin City,Consumer,2022-12-27
C0194,Customer 194,Male,69,Benin City,Consumer,2023-04-04
C0195,Customer 195,Male,32,Benin City,Corporate,2022-09-05
C0196,Customer 196,Female,64,Kano,Corporate,2024-08-03
C0197,Customer 197,Female,39,Kano,Consumer,2023-02-26
C0198,Customer 198,Female,31,Port Harcourt,Consumer,2022-01-15
C0199,Customer 199,Male,43,Ibadan,Consumer,2024-01-06
C0200,Customer 200,Male,45,Kaduna,Home Office,2025-02-19
C0201,Customer 201,Male,40,Abuja,Consumer,2022-10-04
C0202,Customer 202,Female,31,Benin City,Corporate,2023-03-29
C0203,Customer 203,Male,41,Enugu,Corporate,2025-11-14
C0204,Customer 204,Male,19,Ibadan,Consumer,2025-08-10
C0205,Customer 205,Female,62,Enugu,Consumer,2023-08-21
C0206,Customer 206,Male,43,Port Harcourt,Consumer,2023-03-22
C0207,Customer 207,Female,31,Port Harcourt,Corporate,2022-07-29
C0208,Customer 208,Female,68,Port Harcourt,Corporate,2023-12-15
C0209,Customer 209,Female,24,Lagos,Corporate,2022-10-29
C0210,Customer 210,Male,20,Enugu,Consumer,2025-05-31
C0211,Customer 211,Male,64,Ibadan,Consumer,2022-01-03
C0212,Customer 212,Male,40,Kaduna,Home Office,2024-09-16
C0213,Customer 213,Male,63,Ibadan,Corporate,2025-01-21
C0214,Customer 214,Male,60,Kano,Consumer,2023-06-04
C0215,Customer 215,Male,64,Kano,Home Office,2025-12-22
C0216,Customer 216,Male,62,Benin City,Corporate,2023-05-08
C0217,Customer 217,Female,35,Kaduna,Consumer,2025-06-12
C0218,Customer 218,Male,55,Kano,Corporate,2023-09-12
C0219,Customer 219,Female,52,Port Harcourt,Corporate,2025-03-30
C0220,Customer 220,Male,68,Ibadan,Corporate,2022-11-27
C0221,Customer 221,Male,32,Enugu,Consumer,2022-11-29
C0222,Customer 222,Male,42,Port Harcourt,Consumer,2022-02-19
C0223,Customer 223,Female,54,Lagos,Home Office,2024-05-12
C0224,Customer 224,Female,45,Kano,Consumer,2022-09-29
C0225,Customer 225,Female,27,Port Harcourt,Consumer,2023-08-03
C0226,Customer 226,Female,56,Port Harcourt,Consumer,2025-06-29
C0227,Customer 227,Male,34,Lagos,Consumer,2023-07-14
C0228,Customer 228,Female,56,Abuja,Corporate,2023-11-27
C0229,Customer 229,Male,39,Ibadan,Home Office,2025-01-18
C0230,Customer 230,Male,43,Enugu,Consumer,2023-03-22
C0231,Customer 231,Female,61,Benin City,Consumer,2024-10-13
C0232,Customer 232,Female,42,Abuja,Consumer,2025-09-17
C0233,Customer 233,Female,34,Kano,Home Office,2025-03-08
C0234,Customer 234,Female,30,Port Harcourt,Corporate,2022-12-23
C0235,Customer 235,Female,37,Kaduna,Consumer,2022-10-01
C0236,Customer 236,Female,42,Lagos,Corporate,2024-11-08
C0237,Customer 237,Female,21,Lagos,Home Office,2022-11-07
C0238,Customer 238,Female,27,Kaduna,Corporate,2024-05-19
C0239,Customer 239,Male,20,Ibadan,Home Office,2024-06-04
C0240,Customer 240,Female,58,Abuja,Consumer,2022-06-03
C0241,Customer 241,Female,62,Benin City,Corporate,2025-11-14
C0242,Customer 242,Male,35,Ibadan,Consumer,2025-07-07
C0243,Customer 243,Female,64,Kaduna,Corporate,2023-09-12
C0244,Customer 244,Male,53,Port Harcourt,Corporate,2024-06-01
C0245,Customer 245,Male,64,Kaduna,Corporate,2024-03-07
C0246,Customer 246,Female,39,Ibadan,Corporate,2022-05-05
C0247,Customer 247,Male,51,Enugu,Consumer,2025-10-09
C0248,Customer 248,Male,64,Lagos,Consumer,2025-07-20
C0249,Customer 249,Male,25,Lagos,Home Office,2023-09-11
C0250,Customer 250,Male,57,Kano,Home Office,2022-09-02
C0251,Customer 251,Female,66,Kano,Consumer,2024-04-27
C0252,Customer 252,Male,61,Kaduna,Consumer,2023-03-26
C0253,Customer 253,Female,36,Benin City,Consumer,2024-07-18
C0254,Customer 254,Male,59,Port Harcourt,Corporate,2025-06-24
C0255,Customer 255,Male,58,Enugu,Corporate,2023-06-04
C0256,Customer 256,Male,54,Abuja,Consumer,2025-03-10
C0257,Customer 257,Male,23,Ibadan,Consumer,2022-12-28
C0258,Customer 258,Female,69,Benin City,Corporate,2022-01-08
C0259,Customer 259,Female,43,Port Harcourt,Corporate,2023-04-23
C0260,Customer 260,Male,51,Kano,Consumer,2025-10-07
C0261,Customer 261,Male,62,Kaduna,Consumer,2023-05-10
C0262,Customer 262,Female,23,Ibadan,Consumer,2024-04-12
C0263,Customer 263,Male,54,Kano,Consumer,2025-12-21
C0264,Customer 264,Male,50,Kaduna,Consumer,2024-11-28
C0265,Customer 265,Male,39,Ibadan,Corporate,2023-08-16
C0266,Customer 266,Female,38,Abuja,Home Office,2022-07-06
C0267,Customer 267,Female,23,Port Harcourt,Corporate,2024-01-24
C0268,Customer 268,Female,23,Ibadan,Corporate,2022-04-03
C0269,Customer 269,Male,65,Enugu,Consumer,2022-03-27
C0270,Customer 270,Male,21,Benin City,Consumer,2024-12-03
C0271,Customer 271,Female,47,Lagos,Consumer,2022-05-17
C0272,Customer 272,Female,28,Enugu,Consumer,2023-02-25
C0273,Customer 273,Female,47,Enugu,Corporate,2022-03-15
C0274,Customer 274,Female,48,Benin City,Home Office,2025-03-25
C0275,Customer 275,Male,41,Lagos,Consumer,2025-07-02
C0276,Customer 276,Female,26,Enugu,Consumer,2022-06-20
C0277,Customer 277,Male,20,Ibadan,Corporate,2022-06-19
C0278,Customer 278,Female,68,Ibadan,Consumer,2024-05-21
C0279,Customer 279,Male,48,Ibadan,Consumer,2022-11-18
C0280,Customer 280,Female,57,Lagos,Corporate,2023-04-01
C0281,Customer 281,Female,54,Enugu,Corporate,2024-08-01
C0282,Customer 282,Female,53,Kaduna,Consumer,2024-02-29
C0283,Customer 283,Female,41,Lagos,Consumer,2023-09-05
C0284,Customer 284,Male,48,Ibadan,Corporate,2025-03-24
C0285,Customer 285,Female,23,Benin City,Consumer,2024-06-07
C0286,Customer 286,Male,19,Enugu,Consumer,2022-12-15
C0287,Customer 287,Male,37,Enugu,Corporate,2025-04-11
C0288,Customer 288,Male,45,Kano,Consumer,2022-01-10
C0289,Customer 289,Male,28,Kano,Corporate,2024-01-10
C0290,Customer 290,Female,21,Abuja,Consumer,2025-07-12
C0291,Customer 291,Male,32,Kaduna,Home Office,2025-06-24
C0292,Customer 292,Male,23,Kaduna,Consumer,2023-10-29
C0293,Customer 293,Male,66,Port Harcourt,Consumer,2023-06-30
C0294,Customer 294,Female,47,Kaduna,Consumer,2022-05-09
C0295,Customer 295,Female,55,Kano,Consumer,2023-08-24
C0296,Customer 296,Female,68,Lagos,Home Office,2023-08-28
C0297,Customer 297,Female,19,Kaduna,Home Office,2022-11-23
C0298,Customer 298,Male,32,Kano,Consumer,2024-09-06
C0299,Customer 299,Male,28,Abuja,Consumer,2023-02-08
C0300,Customer 300,Female,25,Enugu,Corporate,2023-09-21
C0301,Customer 301,Male,43,Kaduna,Home Office,2025-10-14
C0302,Customer 302,Male,68,Abuja,Consumer,2023-12-19
C0303,Customer 303,Male,62,Enugu,Consumer,2024-11-06
C0304,Customer 304,Female,61,Benin City,Consumer,2022-10-01
C0305,Customer 305,Female,22,Benin City,Corporate,2023-11-16
C0306,Customer 306,Male,23,Enugu,Consumer,2022-04-26
C0307,Customer 307,Female,43,Kaduna,Corporate,2024-05-10
C0308,Customer 308,Female,21,Port Harcourt,Consumer,2023-11-24
C0309,Customer 309,Female,36,Kano,Corporate,2025-01-19
C0310,Customer 310,Female,37,Lagos,Consumer,2025-01-10
C0311,Customer 311,Female,50,Lagos,Consumer,2022-11-20
C0312,Customer 312,Male,37,Ibadan,Consumer,2024-08-18
C0313,Customer 313,Female,66,Enugu,Corporate,2022-04-24
C0314,Customer 314,Male,29,Lagos,Consumer,2024-12-17
C0315,Customer 315,Male,64,Kaduna,Consumer,2022-06-03
C0316,Customer 316,Female,18,Port Harcourt,Consumer,2025-11-28
C0317,Customer 317,Male,43,Enugu,Consumer,2025-07-13
C0318,Customer 318,Male,31,Port Harcourt,Corporate,2022-11-11
C0319,Customer 319,Male,55,Kaduna,Corporate,2024-11-30
C0320,Customer 320,Female,54,Lagos,Corporate,2022-04-15
C0321,Customer 321,Female,28,Lagos,Consumer,2025-05-01
C0322,Customer 322,Male,53,Ibadan,Corporate,2025-11-25
C0323,Customer 323,Female,30,Lagos,Consumer,2025-07-25
C0324,Customer 324,Female,60,Enugu,Consumer,2022-12-20
C0325,Customer 325,Female,20,Kaduna,Consumer,2024-10-12
C0326,Customer 326,Female,50,Benin City,Consumer,2024-01-03
C0327,Customer 327,Male,23,Kaduna,Corporate,2023-12-10
C0328,Customer 328,Male,67,Enugu,Corporate,2025-07-03
C0329,Customer 329,Female,27,Enugu,Corporate,2023-10-13
C0330,Customer 330,Female,22,Ibadan,Consumer,2024-04-03
C0331,Customer 331,Male,40,Ibadan,Consumer,2024-08-04
C0332,Customer 332,Male,27,Lagos,Consumer,2023-10-23
C0333,Customer 333,Female,61,Abuja,Consumer,2022-04-09
C0334,Customer 334,Male,19,Kaduna,Consumer,2023-08-11
C0335,Customer 335,Female,30,Kaduna,Consumer,2022-10-09
C0336,Customer 336,Female,57,Abuja,Consumer,2023-02-07
C0337,Customer 337,Male,19,Ibadan,Consumer,2025-02-06
C0338,Customer 338,Male,37,Lagos,Corporate,2023-12-01
C0339,Customer 339,Female,18,Abuja,Home Office,2022-07-18
C0340,Customer 340,Female,54,Lagos,Home Office,2025-08-19
C0341,Customer 341,Male,26,Lagos,Corporate,2022-11-23
C0342,Customer 342,Female,34,Lagos,Consumer,2022-06-03
C0343,Customer 343,Male,26,Kano,Corporate,2023-07-06
C0344,Customer 344,Female,28,Enugu,Corporate,2023-02-09
C0345,Customer 345,Male,32,Lagos,Consumer,2023-04-07
C0346,Customer 346,Male,41,Kano,Consumer,2022-05-12
C0347,Customer 347,Male,55,Ibadan,Corporate,2024-03-01
C0348,Customer 348,Female,52,Abuja,Consumer,2024-05-23
C0349,Customer 349,Female,47,Enugu,Consumer,2022-03-25
C0350,Customer 350,Male,48,Benin City,Consumer,2025-11-23
C0351,Customer 351,Female,66,Abuja,Consumer,2024-01-24
C0352,Customer 352,Male,22,Enugu,Consumer,2023-09-20
C0353,Customer 353,Male,61,Benin City,Consumer,2025-02-06
C0354,Customer 354,Female,67,Abuja,Consumer,2022-08-09
C0355,Customer 355,Female,31,Enugu,Consumer,2023-07-07
C0356,Customer 356,Male,28,Abuja,Corporate,2025-10-23
C0357,Customer 357,Female,26,Abuja,Consumer,2025-03-16
C0358,Customer 358,Female,51,Benin City,Consumer,2022-04-22
C0359,Customer 359,Male,29,Abuja,Consumer,2023-09-07
C0360,Customer 360,Male,52,Abuja,Home Office,2024-07-12
C0361,Customer 361,Female,52,Benin City,Consumer,2023-04-20
C0362,Customer 362,Male,18,Ibadan,Consumer,2024-04-15
C0363,Customer 363,Male,57,Lagos,Home Office,2022-09-28
C0364,Customer 364,Female,39,Kaduna,Corporate,2023-02-25
C0365,Customer 365,Male,46,Port Harcourt,Consumer,2023-12-08
C0366,Customer 366,Male,25,Kano,Corporate,2025-10-22
C0367,Customer 367,Female,28,Port Harcourt,Consumer,2025-07-27
C0368,Customer 368,Female,58,Port Harcourt,Consumer,2025-07-30
C0369,Customer 369,Male,54,Enugu,Consumer,2022-02-09
C0370,Customer 370,Male,31,Lagos,Consumer,2022-07-08
C0371,Customer 371,Female,47,Enugu,Corporate,2025-04-02
C0372,Customer 372,Female,52,Lagos,Consumer,2024-09-20
C0373,Customer 373,Female,38,Benin City,Consumer,2023-06-20
C0374,Customer 374,Female,54,Benin City,Corporate,2024-10-24
C0375,Customer 375,Male,22,Kaduna,Corporate,2022-10-17
C0376,Customer 376,Female,36,Lagos,Consumer,2023-03-09
C0377,Customer 377,Female,31,Abuja,Corporate,2023-04-16
C0378,Customer 378,Male,43,Ibadan,Consumer,2025-04-19
C0379,Customer 379,Female,21,Kaduna,Corporate,2025-06-25
C0380,Customer 380,Male,42,Kaduna,Corporate,2023-09-20
C0381,Customer 381,Female,62,Abuja,Home Office,2022-10-06
C0382,Customer 382,Female,59,Ibadan,Consumer,2024-05-26
C0383,Customer 383,Female,42,Enugu,Consumer,2023-08-04
C0384,Customer 384,Male,35,Ibadan,Consumer,2024-05-12
C0385,Customer 385,Male,57,Enugu,Consumer,2022-09-11
C0386,Customer 386,Female,25,Benin City,Consumer,2022-06-30
C0387,Customer 387,Male,56,Port Harcourt,Home Office,2023-11-12
C0388,Customer 388,Male,57,Benin City,Consumer,2024-04-04
C0389,Customer 389,Male,31,Benin City,Consumer,2023-12-01
C0390,Customer 390,Male,49,Port Harcourt,Corporate,2023-07-20
C0391,Customer 391,Male,68,Ibadan,Consumer,2025-09-11
C0392,Customer 392,Male,55,Kaduna,Corporate,2025-10-12
C0393,Customer 393,Female,50,Ibadan,Consumer,2023-11-11
C0394,Customer 394,Female,40,Enugu,Consumer,2023-01-26
C0395,Customer 395,Male,32,Abuja,Consumer,2025-01-13
C0396,Customer 396,Female,50,Enugu,Consumer,2025-09-02
C0397,Customer 397,Female,42,Abuja,Home Office,2022-07-31
C0398,Customer 398,Female,34,Benin City,Consumer,2023-01-19
C0399,Customer 399,Female,50,Port Harcourt,Consumer,2022-12-08
C0400,Customer 400,Male,64,Benin City,Consumer,2024-04-23
C0401,Customer 401,Female,19,Lagos,Consumer,2024-11-27
C0402,Customer 402,Female,31,Ibadan,Home Office,2023-02-24
C0403,Customer 403,Male,57,Abuja,Consumer,2024-01-21
C0404,Customer 404,Male,57,Enugu,Corporate,2025-04-07
C0405,Customer 405,Female,68,Port Harcourt,Home Office,2025-09-28
C0406,Customer 406,Female,56,Abuja,Consumer,2022-11-02
C0407,Customer 407,Female,68,Enugu,Home Office,2023-12-03
C0408,Customer 408,Female,23,Ibadan,Consumer,2024-05-18
C0409,Customer 409,Female,23,Benin City,Consumer,2023-06-21
C0410,Customer 410,Female,20,Ibadan,Consumer,2025-02-09
C0411,Customer 411,Male,24,Kano,Corporate,2025-12-05
C0412,Customer 412,Female,68,Lagos,Home Office,2022-07-25
C0413,Customer 413,Female,25,Kano,Consumer,2025-04-23
C0414,Customer 414,Male,59,Port Harcourt,Corporate,2025-11-06
C0415,Customer 415,Male,69,Abuja,Consumer,2023-05-11
C0416,Customer 416,Male,32,Port Harcourt,Consumer,2025-11-03
C0417,Customer 417,Male,64,Benin City,Consumer,2024-12-06
C0418,Customer 418,Female,46,Enugu,Home Office,2023-05-19
C0419,Customer 419,Female,50,Ibadan,Corporate,2024-11-11
C0420,Customer 420,Female,69,Kano,Consumer,2022-08-01
C0421,Customer 421,Female,47,Kaduna,Consumer,2022-11-06
C0422,Customer 422,Female,56,Kano,Consumer,2023-10-23
C0423,Customer 423,Female,44,Benin City,Consumer,2024-01-23
C0424,Customer 424,Male,53,Kano,Consumer,2022-09-29
C0425,Customer 425,Female,46,Benin City,Home Office,2024-07-26
C0426,Customer 426,Male,55,Kaduna,Consumer,2025-05-10
C0427,Customer 427,Male,50,Port Harcourt,Consumer,2022-02-01
C0428,Customer 428,Female,54,Ibadan,Consumer,2023-03-19
C0429,Customer 429,Male,44,Abuja,Home Office,2022-06-11
C0430,Customer 430,Female,50,Enugu,Corporate,2024-02-06
C0431,Customer 431,Male,21,Abuja,Consumer,2022-09-11
C0432,Customer 432,Female,39,Port Harcourt,Corporate,2023-06-05
C0433,Customer 433,Male,19,Enugu,Consumer,2024-09-03
C0434,Customer 434,Female,27,Kano,Consumer,2022-01-10
C0435,Customer 435,Female,22,Kaduna,Consumer,2023-12-27
C0436,Customer 436,Female,27,Kaduna,Consumer,2023-05-20
C0437,Customer 437,Female,50,Lagos,Consumer,2024-02-24
C0438,Customer 438,Female,55,Port Harcourt,Home Office,2023-03-12
C0439,Customer 439,Male,30,Port Harcourt,Corporate,2025-02-08
C0440,Customer 440,Male,48,Ibadan,Corporate,2022-06-02
C0441,Customer 441,Male,64,Abuja,Consumer,2024-07-05
C0442,Customer 442,Female,53,Port Harcourt,Consumer,2024-05-18
C0443,Customer 443,Male,62,Port Harcourt,Corporate,2025-01-30
C0444,Customer 444,Female,41,Kano,Consumer,2024-01-23
C0445,Customer 445,Female,69,Kano,Consumer,2025-04-29
C0446,Customer 446,Male,32,Enugu,Consumer,2023-07-17
C0447,Customer 447,Male,46,Benin City,Corporate,2025-01-09
C0448,Customer 448,Female,25,Benin City,Consumer,2023-05-04
C0449,Customer 449,Male,22,Lagos,Consumer,2024-06-13
C0450,Customer 450,Female,46,Benin City,Corporate,2025-01-16
C0451,Customer 451,Female,64,Ibadan,Consumer,2025-05-02
C0452,Customer 452,Female,21,Lagos,Consumer,2022-04-14
C0453,Customer 453,Female,29,Enugu,Consumer,2025-01-24
C0454,Customer 454,Female,62,Kano,Consumer,2025-12-17
C0455,Customer 455,Male,19,Benin City,Corporate,2025-05-06
C0456,Customer 456,Male,44,Abuja,Consumer,2024-10-21
C0457,Customer 457,Female,48,Kano,Consumer,2024-10-03
C0458,Customer 458,Female,68,Kaduna,Home Office,2023-02-11
C0459,Customer 459,Male,68,Ibadan,Home Office,2025-11-02
C0460,Customer 460,Male,53,Kano,Home Office,2022-06-16
C0461,Customer 461,Female,53,Ibadan,Consumer,2023-05-24
C0462,Customer 462,Male,43,Ibadan,Consumer,2022-11-09
C0463,Customer 463,Female,60,Ibadan,Home Office,2025-12-12
C0464,Customer 464,Male,44,Enugu,Corporate,2024-02-02
C0465,Customer 465,Female,22,Ibadan,Consumer,2023-11-12
C0466,Customer 466,Male,37,Ibadan,Consumer,2023-04-22
C0467,Customer 467,Female,28,Kaduna,Consumer,2022-03-14
C0468,Customer 468,Male,27,Abuja,Home Office,2025-03-10
C0469,Customer 469,Male,57,Lagos,Consumer,2023-08-05
C0470,Customer 470,Female,55,Port Harcourt,Consumer,2022-09-19
C0471,Customer 471,Male,23,Kaduna,Consumer,2025-09-25
C0472,Customer 472,Female,25,Lagos,Corporate,2025-08-24
C0473,Customer 473,Male,40,Ibadan,Corporate,2022-09-02
C0474,Customer 474,Female,64,Abuja,Consumer,2025-09-22
C0475,Customer 475,Male,43,Kano,Corporate,2023-07-15
C0476,Customer 476,Female,63,Abuja,Home Office,2025-01-04
C0477,Customer 477,Male,60,Kaduna,Consumer,2022-06-24
C0478,Customer 478,Female,29,Ibadan,Consumer,2022-04-19
C0479,Customer 479,Male,43,Abuja,Consumer,2022-07-02
C0480,Customer 480,Female,30,Benin City,Corporate,2022-07-11
C0481,Customer 481,Female,57,Abuja,Consumer,2022-03-06
C0482,Customer 482,Female,35,Ibadan,Corporate,2024-08-20
C0483,Customer 483,Male,42,Enugu,Corporate,2025-01-28
C0484,Customer 484,Female,50,Benin City,Consumer,2024-05-13
C0485,Customer 485,Male,64,Abuja,Home Office,2025-02-25
C0486,Customer 486,Female,57,Port Harcourt,Consumer,2023-01-04
C0487,Customer 487,Male,60,Port Harcourt,Consumer,2024-04-30
C0488,Customer 488,Female,29,Abuja,Corporate,2022-02-12
C0489,Customer 489,Male,61,Enugu,Corporate,2025-12-13
C0490,Customer 490,Male,53,Kano,Consumer,2023-05-03
C0491,Customer 491,Female,65,Ibadan,Home Office,2022-03-19
C0492,Customer 492,Male,21,Port Harcourt,Home Office,2024-04-05
C0493,Customer 493,Male,22,Kano,Consumer,2025-07-17
C0494,Customer 494,Female,54,Abuja,Home Office,2023-11-05
C0495,Customer 495,Male,25,Kaduna,Consumer,2023-12-02
C0496,Customer 496,Male,59,Kano,Consumer,2024-01-29
C0497,Customer 497,Male,66,Benin City,Consumer,2023-12-29
C0498,Customer 498,Female,45,Lagos,Home Office,2025-08-31
C0499,Customer 499,Male,48,Port Harcourt,Corporate,2024-07-13
C0500,Customer 500,Female,26,Abuja,Consumer,2024-06-20
C0501,Customer 501,Male,68,Kaduna,Consumer,2024-06-07
C0502,Customer 502,Male,46,Ibadan,Corporate,2024-09-19
C0503,Customer 503,Male,31,Kaduna,Consumer,2025-04-06
C0504,Customer 504,Female,57,Enugu,Home Office,2022-12-05
C0505,Customer 505,Male,58,Benin City,Corporate,2022-07-12
C0506,Customer 506,Male,39,Abuja,Consumer,2022-10-10
C0507,Customer 507,Female,28,Ibadan,Home Office,2025-09-21
C0508,Customer 508,Male,40,Enugu,Consumer,2023-01-25
C0509,Customer 509,Female,18,Enugu,Home Office,2024-09-26
C0510,Customer 510,Female,63,Abuja,Corporate,2023-06-09
C0511,Customer 511,Male,54,Benin City,Corporate,2025-06-17
C0512,Customer 512,Female,38,Kano,Consumer,2023-10-21
C0513,Customer 513,Male,43,Kano,Home Office,2023-12-17
C0514,Customer 514,Female,63,Enugu,Consumer,2024-06-09
C0515,Customer 515,Female,53,Kano,Consumer,2025-01-17
C0516,Customer 516,Male,40,Lagos,Consumer,2025-01-23
C0517,Customer 517,Female,18,Enugu,Consumer,2023-03-28
C0518,Customer 518,Female,68,Enugu,Consumer,2023-03-04
C0519,Customer 519,Female,57,Ibadan,Corporate,2025-03-20
C0520,Customer 520,Female,32,Kano,Home Office,2025-10-31
C0521,Customer 521,Female,38,Benin City,Consumer,2024-11-11
C0522,Customer 522,Male,64,Enugu,Corporate,2024-06-01
C0523,Customer 523,Female,26,Kaduna,Consumer,2022-11-09
C0524,Customer 524,Male,26,Benin City,Home Office,2024-04-19
C0525,Customer 525,Female,27,Lagos,Corporate,2023-06-03
C0526,Customer 526,Male,69,Ibadan,Consumer,2025-05-14
C0527,Customer 527,Male,43,Abuja,Corporate,2023-01-10
C0528,Customer 528,Female,58,Benin City,Consumer,2023-03-27
C0529,Customer 529,Female,52,Enugu,Consumer,2024-10-11
C0530,Customer 530,Female,69,Lagos,Corporate,2023-08-18
C0531,Customer 531,Male,42,Port Harcourt,Consumer,2025-04-17
C0532,Customer 532,Female,43,Lagos,Consumer,2025-05-18
C0533,Customer 533,Male,28,Lagos,Consumer,2023-05-15
C0534,Customer 534,Male,55,Ibadan,Corporate,2023-04-09
C0535,Customer 535,Male,19,Abuja,Consumer,2025-02-21
C0536,Customer 536,Female,24,Port Harcourt,Consumer,2022-04-23
C0537,Customer 537,Female,35,Kano,Corporate,2024-11-01
C0538,Customer 538,Male,44,Kano,Corporate,2025-02-23
C0539,Customer 539,Male,51,Benin City,Consumer,2022-11-27
C0540,Customer 540,Female,44,Lagos,Consumer,2025-07-30
C0541,Customer 541,Male,34,Kaduna,Consumer,2022-05-20
C0542,Customer 542,Female,60,Ibadan,Consumer,2025-11-25
C0543,Customer 543,Male,61,Kaduna,Consumer,2024-06-20
C0544,Customer 544,Female,68,Ibadan,Corporate,2025-01-25
C0545,Customer 545,Male,41,Kano,Corporate,2023-06-01
C0546,Customer 546,Female,42,Benin City,Corporate,2023-07-23
C0547,Customer 547,Male,24,Benin City,Consumer,2024-04-25
C0548,Customer 548,Female,69,Benin City,Corporate,2024-12-28
C0549,Customer 549,Female,23,Port Harcourt,Consumer,2022-04-28
C0550,Customer 550,Male,41,Abuja,Home Office,2024-06-06
C0551,Customer 551,Male,50,Port Harcourt,Corporate,2024-12-18
C0552,Customer 552,Female,66,Enugu,Consumer,2024-11-22
C0553,Customer 553,Male,46,Enugu,Corporate,2025-09-03
C0554,Customer 554,Female,60,Kaduna,Consumer,2022-02-19
C0555,Customer 555,Male,39,Abuja,Corporate,2022-01-19
C0556,Customer 556,Female,43,Kano,Consumer,2023-12-27
C0557,Customer 557,Female,45,Abuja,Consumer,2022-07-16
C0558,Customer 558,Female,67,Ibadan,Home Office,2023-07-13
C0559,Customer 559,Female,38,Enugu,Consumer,2023-03-28
C0560,Customer 560,Female,66,Lagos,Corporate,2022-10-16
C0561,Customer 561,Female,24,Lagos,Consumer,2025-03-10
C0562,Customer 562,Male,34,Kano,Corporate,2025-01-12
C0563,Customer 563,Male,37,Ibadan,Corporate,2023-01-26
C0564,Customer 564,Male,58,Kaduna,Consumer,2022-08-03
C0565,Customer 565,Female,66,Port Harcourt,Consumer,2022-08-03
C0566,Customer 566,Female,37,Ibadan,Consumer,2025-11-27
C0567,Customer 567,Female,39,Lagos,Consumer,2022-05-08
C0568,Customer 568,Female,45,Lagos,Consumer,2024-01-30
C0569,Customer 569,Male,57,Kaduna,Corporate,2023-02-08
C0570,Customer 570,Male,66,Enugu,Home Office,2024-11-18
C0571,Customer 571,Female,24,Ibadan,Home Office,2022-12-04
C0572,Customer 572,Male,18,Ibadan,Corporate,2024-04-10
C0573,Customer 573,Male,49,Lagos,Corporate,2023-12-15
C0574,Customer 574,Female,30,Port Harcourt,Corporate,2022-12-27
C0575,Customer 575,Male,47,Kano,Consumer,2023-07-23
C0576,Customer 576,Female,40,Benin City,Home Office,2025-11-16
C0577,Customer 577,Male,68,Kano,Corporate,2022-08-06
C0578,Customer 578,Female,36,Ibadan,Consumer,2022-07-21
C0579,Customer 579,Female,49,Kano,Consumer,2022-01-17
C0580,Customer 580,Female,47,Lagos,Consumer,2022-11-18
C0581,Customer 581,Female,46,Lagos,Consumer,2023-06-02
C0582,Customer 582,Male,66,Kaduna,Home Office,2025-09-10
C0583,Customer 583,Female,62,Ibadan,Consumer,2025-12-06
C0584,Customer 584,Female,46,Kaduna,Consumer,2025-09-03
C0585,Customer 585,Female,47,Ibadan,Home Office,2023-11-12
C0586,Customer 586,Male,33,Benin City,Consumer,2025-01-10
C0587,Customer 587,Female,57,Benin City,Consumer,2023-03-01
C0588,Customer 588,Male,36,Enugu,Consumer,2025-05-12
C0589,Customer 589,Female,35,Ibadan,Corporate,2024-10-15
C0590,Customer 590,Male,18,Port Harcourt,Home Office,2023-01-22
C0591,Customer 591,Male,31,Kano,Consumer,2024-02-17
C0592,Customer 592,Female,68,Ibadan,Home Office,2022-04-08
C0593,Customer 593,Male,64,Abuja,Consumer,2025-09-30
C0594,Customer 594,Female,67,Enugu,Home Office,2022-07-27
C0595,Customer 595,Female,19,Abuja,Corporate,2023-08-09
C0596,Customer 596,Female,45,Lagos,Corporate,2022-06-15
C0597,Customer 597,Male,66,Benin City,Consumer,2022-01-22
C0598,Customer 598,Male,67,Kano,Home Office,2022-06-03
C0599,Customer 599,Female,47,Ibadan,Corporate,2025-08-11
C0600,Customer 600,Female,55,Abuja,Consumer,2022-08-07
C0601,Customer 601,Male,68,Kano,Corporate,2023-10-31
C0602,Customer 602,Female,21,Lagos,Consumer,2022-08-18
C0603,Customer 603,Female,18,Benin City,Home Office,2022-01-20
C0604,Customer 604,Female,25,Port Harcourt,Consumer,2023-07-07
C0605,Customer 605,Male,46,Enugu,Corporate,2024-08-07
C0606,Customer 606,Male,56,Kano,Consumer,2022-05-28
C0607,Customer 607,Male,20,Kano,Consumer,2025-02-05
C0608,Customer 608,Female,49,Port Harcourt,Consumer,2023-02-07
C0609,Customer 609,Female,27,Kano,Consumer,2023-08-19
C0610,Customer 610,Female,27,Lagos,Consumer,2023-01-02
C0611,Customer 611,Male,36,Lagos,Consumer,2025-12-08
C0612,Customer 612,Female,63,Port Harcourt,Consumer,2025-08-25
C0613,Customer 613,Female,51,Enugu,Consumer,2024-03-12
C0614,Customer 614,Female,50,Ibadan,Consumer,2024-07-06
C0615,Customer 615,Female,40,Abuja,Corporate,2025-03-03
C0616,Customer 616,Male,45,Ibadan,Consumer,2025-07-30
C0617,Customer 617,Male,49,Kano,Home Office,2022-03-14
C0618,Customer 618,Female,67,Abuja,Home Office,2023-04-26
C0619,Customer 619,Male,24,Kaduna,Corporate,2025-10-07
C0620,Customer 620,Male,46,Port Harcourt,Consumer,2023-07-14
C0621,Customer 621,Female,25,Port Harcourt,Home Office,2025-09-11
C0622,Customer 622,Female,18,Enugu,Consumer,2024-01-15
C0623,Customer 623,Male,20,Abuja,Consumer,2022-04-10
C0624,Customer 624,Female,41,Lagos,Consumer,2024-12-18
C0625,Customer 625,Male,40,Abuja,Corporate,2023-05-23
C0626,Customer 626,Female,25,Kano,Consumer,2022-09-15
C0627,Customer 627,Male,64,Lagos,Consumer,2023-02-17
C0628,Customer 628,Female,54,Benin City,Home Office,2024-12-24
C0629,Customer 629,Male,20,Benin City,Home Office,2023-08-18
C0630,Customer 630,Male,68,Kaduna,Consumer,2025-03-23
C0631,Customer 631,Male,50,Benin City,Consumer,2022-09-23
C0632,Customer 632,Female,45,Port Harcourt,Corporate,2024-03-31
C0633,Customer 633,Male,64,Abuja,Consumer,2025-01-07
C0634,Customer 634,Male,25,Benin City,Consumer,2025-08-31
C0635,Customer 635,Female,51,Ibadan,Consumer,2023-10-24
C0636,Customer 636,Female,52,Enugu,Home Office,2024-08-04
C0637,Customer 637,Male,49,Ibadan,Corporate,2023-07-14
C0638,Customer 638,Male,41,Benin City,Corporate,2024-07-05
C0639,Customer 639,Female,31,Kaduna,Home Office,2024-06-09
C0640,Customer 640,Female,49,Enugu,Consumer,2025-06-25
C0641,Customer 641,Female,63,Kano,Consumer,2024-05-17
C0642,Customer 642,Female,60,Ibadan,Consumer,2023-09-02
C0643,Customer 643,Female,33,Kaduna,Consumer,2023-02-18
C0644,Customer 644,Male,21,Abuja,Consumer,2022-01-25
C0645,Customer 645,Female,69,Abuja,Corporate,2022-10-11
C0646,Customer 646,Male,54,Ibadan,Corporate,2024-05-30
C0647,Customer 647,Male,38,Benin City,Home Office,2022-10-28
C0648,Customer 648,Male,31,Kaduna,Consumer,2024-12-27
C0649,Customer 649,Female,48,Abuja,Corporate,2024-10-27
C0650,Customer 650,Male,65,Kano,Corporate,2024-03-27
C0651,Customer 651,Male,35,Lagos,Consumer,2025-03-06
C0652,Customer 652,Female,24,Benin City,Corporate,2025-04-02
C0653,Customer 653,Male,27,Kaduna,Consumer,2022-03-24
C0654,Customer 654,Male,24,Kano,Consumer,2025-12-14
C0655,Customer 655,Female,50,Kaduna,Consumer,2025-01-01
C0656,Customer 656,Male,40,Enugu,Consumer,2025-06-14
C0657,Customer 657,Male,38,Kano,Consumer,2022-02-15
C0658,Customer 658,Male,36,Benin City,Corporate,2023-09-10
C0659,Customer 659,Female,65,Enugu,Home Office,2024-07-16
C0660,Customer 660,Female,36,Benin City,Corporate,2022-09-19
C0661,Customer 661,Female,53,Abuja,Corporate,2022-06-25
C0662,Customer 662,Male,46,Lagos,Consumer,2025-04-04
C0663,Customer 663,Male,35,Benin City,Corporate,2023-10-19
C0664,Customer 664,Female,19,Benin City,Consumer,2024-04-21
C0665,Customer 665,Male,18,Abuja,Consumer,2023-01-05
C0666,Customer 666,Male,64,Port Harcourt,Consumer,2022-02-23
C0667,Customer 667,Female,22,Abuja,Consumer,2023-11-21
C0668,Customer 668,Female,37,Enugu,Consumer,2025-12-13
C0669,Customer 669,Male,28,Abuja,Consumer,2025-09-26
C0670,Customer 670,Male,59,Abuja,Consumer,2025-02-24
C0671,Customer 671,Male,19,Lagos,Home Office,2025-12-03
C0672,Customer 672,Female,20,Abuja,Consumer,2023-01-02
C0673,Customer 673,Female,40,Kaduna,Consumer,2025-07-18
C0674,Customer 674,Female,29,Benin City,Consumer,2023-10-06
C0675,Customer 675,Female,37,Kaduna,Corporate,2023-01-14
C0676,Customer 676,Male,22,Lagos,Consumer,2022-03-14
C0677,Customer 677,Female,54,Ibadan,Consumer,2024-07-03
C0678,Customer 678,Female,55,Port Harcourt,Consumer,2025-06-25
C0679,Customer 679,Female,47,Kaduna,Consumer,2024-05-09
C0680,Customer 680,Female,26,Lagos,Consumer,2022-02-12
C0681,Customer 681,Female,51,Enugu,Consumer,2023-01-12
C0682,Customer 682,Male,61,Ibadan,Consumer,2024-11-30
C0683,Customer 683,Male,52,Lagos,Consumer,2022-06-19
C0684,Customer 684,Female,69,Lagos,Consumer,2022-07-31
C0685,Customer 685,Male,39,Port Harcourt,Corporate,2022-02-08
C0686,Customer 686,Female,61,Benin City,Consumer,2023-01-04
C0687,Customer 687,Female,41,Kaduna,Consumer,2024-01-27
C0688,Customer 688,Male,34,Enugu,Consumer,2022-05-31
C0689,Customer 689,Male,27,Kano,Home Office,2025-02-08
C0690,Customer 690,Female,47,Kaduna,Consumer,2025-12-30
C0691,Customer 691,Female,63,Kano,Consumer,2024-12-06
C0692,Customer 692,Female,40,Lagos,Corporate,2024-10-20
C0693,Customer 693,Male,49,Abuja,Consumer,2024-01-07
C0694,Customer 694,Female,34,Enugu,Consumer,2025-10-21
C0695,Customer 695,Female,67,Ibadan,Consumer,2022-03-10
C0696,Customer 696,Female,68,Abuja,Home Office,2022-10-26
C0697,Customer 697,Male,34,Abuja,Consumer,2024-08-01
C0698,Customer 698,Female,31,Kaduna,Corporate,2024-03-12
C0699,Customer 699,Female,26,Enugu,Home Office,2022-10-23
C0700,Customer 700,Male,57,Benin City,Consumer,2022-07-22
C0701,Customer 701,Female,19,Lagos,Consumer,2022-03-02
C0702,Customer 702,Female,62,Lagos,Consumer,2024-08-03
C0703,Customer 703,Male,42,Lagos,Consumer,2024-08-20
C0704,Customer 704,Female,56,Lagos,Consumer,2025-08-30
C0705,Customer 705,Male,26,Kaduna,Home Office,2025-03-30
C0706,Customer 706,Male,39,Kano,Corporate,2022-11-27
C0707,Customer 707,Female,60,Lagos,Corporate,2022-12-04
C0708,Customer 708,Female,63,Kano,Consumer,2025-08-20
C0709,Customer 709,Female,21,Kano,Corporate,2025-09-23
C0710,Customer 710,Female,43,Benin City,Home Office,2023-10-01
C0711,Customer 711,Male,46,Lagos,Corporate,2022-10-02
C0712,Customer 712,Female,62,Port Harcourt,Consumer,2025-04-02
C0713,Customer 713,Male,51,Ibadan,Corporate,2022-11-15
C0714,Customer 714,Female,40,Abuja,Consumer,2023-08-12
C0715,Customer 715,Female,54,Kano,Consumer,2023-05-19
C0716,Customer 716,Female,28,Enugu,Consumer,2023-01-22
C0717,Customer 717,Male,23,Enugu,Corporate,2024-05-19
C0718,Customer 718,Female,35,Ibadan,Corporate,2024-04-12
C0719,Customer 719,Female,38,Enugu,Consumer,2024-10-11
C0720,Customer 720,Female,59,Port Harcourt,Consumer,2023-08-26
C0721,Customer 721,Female,53,Enugu,Consumer,2023-11-22
C0722,Customer 722,Male,58,Abuja,Consumer,2023-05-09
C0723,Customer 723,Female,55,Abuja,Consumer,2023-05-05
C0724,Customer 724,Male,51,Kano,Consumer,2023-12-22
C0725,Customer 725,Male,34,Lagos,Corporate,2025-01-01
C0726,Customer 726,Male,54,Benin City,Consumer,2023-05-24
C0727,Customer 727,Male,42,Port Harcourt,Consumer,2023-01-25
C0728,Customer 728,Male,55,Kano,Consumer,2022-10-22
C0729,Customer 729,Male,29,Port Harcourt,Home Office,2025-10-24
C0730,Customer 730,Female,40,Lagos,Corporate,2024-03-06
C0731,Customer 731,Male,59,Kaduna,Corporate,2024-05-14
C0732,Customer 732,Male,39,Enugu,Consumer,2023-07-03
C0733,Customer 733,Male,38,Enugu,Consumer,2023-10-11
C0734,Customer 734,Female,44,Benin City,Consumer,2023-07-22
C0735,Customer 735,Female,48,Lagos,Corporate,2025-04-25
C0736,Customer 736,Male,23,Kano,Home Office,2024-05-02
C0737,Customer 737,Female,44,Benin City,Corporate,2024-02-09
C0738,Customer 738,Male,57,Lagos,Home Office,2023-03-21
C0739,Customer 739,Male,51,Ibadan,Corporate,2022-12-29
C0740,Customer 740,Female,29,Abuja,Consumer,2022-05-03
C0741,Customer 741,Male,62,Benin City,Home Office,2025-04-26
C0742,Customer 742,Female,24,Benin City,Consumer,2024-01-12
C0743,Customer 743,Female,27,Kano,Consumer,2023-11-11
C0744,Customer 744,Male,62,Port Harcourt,Consumer,2023-02-24
C0745,Customer 745,Male,34,Ibadan,Consumer,2025-06-29
C0746,Customer 746,Female,43,Kano,Consumer,2025-09-20
C0747,Customer 747,Male,38,Lagos,Consumer,2022-04-02
C0748,Customer 748,Male,45,Lagos,Consumer,2022-03-04
C0749,Customer 749,Male,63,Lagos,Consumer,2023-05-27
C0750,Customer 750,Female,19,Kaduna,Consumer,2025-03-08
C0751,Customer 751,Female,60,Lagos,Consumer,2025-04-23
C0752,Customer 752,Male,18,Port Harcourt,Consumer,2025-05-13
C0753,Customer 753,Female,68,Ibadan,Consumer,2024-02-11
C0754,Customer 754,Female,53,Enugu,Corporate,2025-05-22
C0755,Customer 755,Female,68,Abuja,Corporate,2022-09-13
C0756,Customer 756,Female,43,Port Harcourt,Corporate,2022-05-15
C0757,Customer 757,Female,46,Port Harcourt,Corporate,2024-05-24
C0758,Customer 758,Male,38,Kaduna,Consumer,2024-04-01
C0759,Customer 759,Male,28,Enugu,Corporate,2022-03-29
C0760,Customer 760,Male,57,Enugu,Consumer,2024-09-14
C0761,Customer 761,Female,28,Abuja,Consumer,2025-05-15
C0762,Customer 762,Female,53,Abuja,Corporate,2025-02-26
C0763,Customer 763,Male,66,Enugu,Consumer,2024-04-02
C0764,Customer 764,Female,56,Lagos,Corporate,2024-10-23
C0765,Customer 765,Male,57,Port Harcourt,Corporate,2024-08-31
C0766,Customer 766,Male,52,Kano,Home Office,2024-07-22
C0767,Customer 767,Male,51,Abuja,Home Office,2022-05-01
C0768,Customer 768,Female,64,Kaduna,Consumer,2025-11-09
C0769,Customer 769,Female,41,Kaduna,Consumer,2024-11-27
C0770,Customer 770,Male,39,Abuja,Consumer,2025-09-26
C0771,Customer 771,Male,22,Enugu,Consumer,2024-10-04
C0772,Customer 772,Male,50,Ibadan,Corporate,2024-07-13
C0773,Customer 773,Male,53,Kano,Corporate,2023-10-07
C0774,Customer 774,Female,64,Kano,Corporate,2023-12-15
C0775,Customer 775,Female,37,Abuja,Consumer,2024-05-09
C0776,Customer 776,Male,36,Lagos,Consumer,2022-01-21
C0777,Customer 777,Male,52,Ibadan,Consumer,2022-08-30
C0778,Customer 778,Female,69,Kano,Consumer,2023-03-31
C0779,Customer 779,Female,60,Abuja,Home Office,2024-08-20
C0780,Customer 780,Male,34,Kaduna,Consumer,2023-09-13
C0781,Customer 781,Male,62,Kano,Consumer,2022-10-30
C0782,Customer 782,Male,60,Benin City,Consumer,2024-03-13
C0783,Customer 783,Female,51,Ibadan,Corporate,2024-08-21
C0784,Customer 784,Female,26,Ibadan,Corporate,2022-03-10
C0785,Customer 785,Female,43,Benin City,Consumer,2025-02-26
C0786,Customer 786,Male,19,Port Harcourt,Consumer,2022-07-15
C0787,Customer 787,Male,26,Kaduna,Consumer,2022-05-20
C0788,Customer 788,Female,26,Benin City,Consumer,2022-10-10
C0789,Customer 789,Female,57,Enugu,Corporate,2022-11-08
C0790,Customer 790,Male,34,Enugu,Corporate,2024-01-16
C0791,Customer 791,Female,18,Abuja,Consumer,2022-10-04
C0792,Customer 792,Female,42,Ibadan,Consumer,2022-03-02
C0793,Customer 793,Male,60,Port Harcourt,Home Office,2025-09-04
C0794,Customer 794,Female,57,Port Harcourt,Consumer,2022-02-21
C0795,Customer 795,Male,59,Kano,Corporate,2022-06-02
C0796,Customer 796,Male,42,Kano,Consumer,2025-08-27
C0797,Customer 797,Male,56,Benin City,Consumer,2023-06-28
C0798,Customer 798,Male,52,Port Harcourt,Consumer,2023-07-21
C0799,Customer 799,Male,20,Benin City,Consumer,2025-11-13
C0800,Customer 800,Male,67,Kaduna,Home Office,2023-09-14
C0801,Customer 801,Male,54,Benin City,Consumer,2025-04-15
C0802,Customer 802,Female,61,Kano,Consumer,2025-10-17
C0803,Customer 803,Male,61,Ibadan,Consumer,2022-11-10
C0804,Customer 804,Male,68,Benin City,Consumer,2024-03-17
C0805,Customer 805,Female,47,Lagos,Consumer,2024-04-27
C0806,Customer 806,Female,55,Ibadan,Consumer,2022-04-07
C0807,Customer 807,Female,51,Port Harcourt,Corporate,2024-05-30
C0808,Customer 808,Male,29,Port Harcourt,Consumer,2025-05-21
C0809,Customer 809,Female,36,Benin City,Consumer,2024-04-08
C0810,Customer 810,Male,54,Ibadan,Home Office,2022-05-17
C0811,Customer 811,Male,61,Kano,Consumer,2024-10-26
C0812,Customer 812,Male,66,Kano,Home Office,2024-10-07
C0813,Customer 813,Male,34,Enugu,Consumer,2022-04-19
C0814,Customer 814,Female,27,Port Harcourt,Home Office,2023-07-01
C0815,Customer 815,Female,66,Abuja,Corporate,2024-11-28
C0816,Customer 816,Male,64,Enugu,Corporate,2023-10-24
C0817,Customer 817,Male,29,Kano,Home Office,2023-03-01
C0818,Customer 818,Male,33,Ibadan,Consumer,2023-09-22
C0819,Customer 819,Female,41,Kaduna,Home Office,2022-09-18
C0820,Customer 820,Male,36,Kano,Consumer,2025-12-20
C0821,Customer 821,Male,25,Ibadan,Consumer,2022-03-28
C0822,Customer 822,Female,48,Enugu,Consumer,2023-04-10
C0823,Customer 823,Female,38,Port Harcourt,Consumer,2022-03-17
C0824,Customer 824,Male,34,Kano,Consumer,2023-04-16
C0825,Customer 825,Female,40,Benin City,Consumer,2023-02-18
C0826,Customer 826,Female,54,Ibadan,Consumer,2024-04-04
C0827,Customer 827,Male,33,Port Harcourt,Corporate,2024-06-13
C0828,Customer 828,Female,23,Kaduna,Corporate,2023-12-27
C0829,Customer 829,Male,25,Kaduna,Consumer,2023-04-02
C0830,Customer 830,Female,42,Abuja,Consumer,2025-08-01
C0831,Customer 831,Male,35,Ibadan,Consumer,2025-06-16
C0832,Customer 832,Male,42,Enugu,Consumer,2023-10-15
C0833,Customer 833,Male,29,Abuja,Consumer,2023-11-03
C0834,Customer 834,Female,32,Abuja,Consumer,2025-10-27
C0835,Customer 835,Male,43,Lagos,Consumer,2023-05-10
C0836,Customer 836,Female,58,Kano,Home Office,2024-12-04
C0837,Customer 837,Male,62,Ibadan,Consumer,2025-11-25
C0838,Customer 838,Male,43,Abuja,Consumer,2025-06-24
C0839,Customer 839,Female,64,Lagos,Consumer,2023-08-20
C0840,Customer 840,Male,49,Enugu,Consumer,2023-03-26
C0841,Customer 841,Male,27,Port Harcourt,Consumer,2023-04-30
C0842,Customer 842,Female,33,Benin City,Corporate,2023-10-08
C0843,Customer 843,Male,24,Benin City,Consumer,2023-09-12
C0844,Customer 844,Male,34,Ibadan,Consumer,2024-11-07
C0845,Customer 845,Male,40,Abuja,Home Office,2023-10-24
C0846,Customer 846,Male,43,Benin City,Home Office,2024-01-28
C0847,Customer 847,Female,38,Kano,Corporate,2022-10-16
C0848,Customer 848,Female,39,Benin City,Consumer,2025-12-08
C0849,Customer 849,Male,24,Benin City,Corporate,2023-12-22
C0850,Customer 850,Female,31,Benin City,Consumer,2023-09-30
C0851,Customer 851,Male,32,Kaduna,Consumer,2022-08-23
C0852,Customer 852,Female,24,Lagos,Consumer,2023-02-20
C0853,Customer 853,Male,26,Abuja,Consumer,2024-07-26
C0854,Customer 854,Male,68,Kano,Consumer,2023-05-14
C0855,Customer 855,Male,65,Abuja,Consumer,2024-08-31
C0856,Customer 856,Male,25,Kaduna,Home Office,2023-09-26
C0857,Customer 857,Male,67,Ibadan,Home Office,2024-10-16
C0858,Customer 858,Male,40,Ibadan,Corporate,2022-04-25
C0859,Customer 859,Female,46,Ibadan,Consumer,2024-07-20
C0860,Customer 860,Male,35,Enugu,Home Office,2023-11-05
C0861,Customer 861,Female,48,Benin City,Consumer,2025-06-11
C0862,Customer 862,Male,47,Enugu,Corporate,2024-10-31
C0863,Customer 863,Female,69,Lagos,Consumer,2022-07-25
C0864,Customer 864,Female,56,Ibadan,Corporate,2022-09-04
C0865,Customer 865,Female,52,Kaduna,Consumer,2024-01-28
C0866,Customer 866,Male,35,Kano,Home Office,2025-02-24
C0867,Customer 867,Male,59,Abuja,Home Office,2022-05-27
C0868,Customer 868,Female,56,Benin City,Consumer,2022-04-28
C0869,Customer 869,Male,34,Port Harcourt,Consumer,2025-11-06
C0870,Customer 870,Female,31,Kano,Home Office,2023-02-16
C0871,Customer 871,Male,48,Benin City,Consumer,2022-12-29
C0872,Customer 872,Female,41,Enugu,Home Office,2022-05-17
C0873,Customer 873,Female,52,Enugu,Consumer,2025-04-13
C0874,Customer 874,Male,61,Kano,Consumer,2025-08-05
C0875,Customer 875,Female,62,Enugu,Consumer,2024-08-15
C0876,Customer 876,Male,51,Ibadan,Consumer,2022-01-19
C0877,Customer 877,Female,20,Lagos,Corporate,2022-07-14
C0878,Customer 878,Female,54,Abuja,Consumer,2022-11-26
C0879,Customer 879,Male,60,Lagos,Consumer,2022-06-24
C0880,Customer 880,Male,57,Benin City,Consumer,2024-09-28
C0881,Customer 881,Male,43,Abuja,Consumer,2023-03-25
C0882,Customer 882,Female,40,Kaduna,Home Office,2024-08-03
C0883,Customer 883,Male,61,Abuja,Home Office,2025-10-09
C0884,Customer 884,Female,56,Lagos,Consumer,2022-05-21
C0885,Customer 885,Female,32,Kano,Corporate,2024-01-28
C0886,Customer 886,Male,66,Abuja,Corporate,2024-07-18
C0887,Customer 887,Male,21,Kaduna,Consumer,2022-04-03
C0888,Customer 888,Female,46,Kaduna,Home Office,2022-08-27
C0889,Customer 889,Female,39,Kaduna,Consumer,2022-07-24
C0890,Customer 890,Male,42,Lagos,Consumer,2023-07-14
C0891,Customer 891,Male,30,Abuja,Home Office,2025-12-27
C0892,Customer 892,Male,35,Port Harcourt,Consumer,2022-09-02
C0893,Customer 893,Male,50,Kano,Corporate,2024-04-11
C0894,Customer 894,Male,33,Ibadan,Home Office,2025-09-02
C0895,Customer 895,Female,62,Abuja,Consumer,2024-07-13
C0896,Customer 896,Female,59,Kaduna,Home Office,2022-10-22
C0897,Customer 897,Female,61,Port Harcourt,Consumer,2023-10-02
C0898,Customer 898,Female,19,Ibadan,Consumer,2024-05-05
C0899,Customer 899,Male,52,Ibadan,Corporate,2025-07-29
C0900,Customer 900,Male,59,Benin City,Home Office,2022-01-17
C0901,Customer 901,Male,51,Abuja,Consumer,2022-03-12
C0902,Customer 902,Female,47,Lagos,Consumer,2025-07-16
C0903,Customer 903,Female,30,Abuja,Corporate,2025-09-10
C0904,Customer 904,Male,30,Port Harcourt,Corporate,2022-11-01
C0905,Customer 905,Male,35,Ibadan,Corporate,2024-10-27
C0906,Customer 906,Female,49,Abuja,Consumer,2025-08-30
C0907,Customer 907,Female,49,Lagos,Consumer,2024-03-27
C0908,Customer 908,Male,52,Benin City,Consumer,2025-01-31
C0909,Customer 909,Male,56,Abuja,Corporate,2024-03-31
C0910,Customer 910,Female,63,Kano,Consumer,2022-07-12
C0911,Customer 911,Male,69,Benin City,Consumer,2023-06-13
C0912,Customer 912,Male,46,Lagos,Home Office,2022-06-20
C0913,Customer 913,Male,66,Port Harcourt,Consumer,2022-09-08
C0914,Customer 914,Female,46,Ibadan,Home Office,2025-11-11
C0915,Customer 915,Female,61,Abuja,Corporate,2025-05-15
C0916,Customer 916,Female,33,Lagos,Corporate,2023-06-25
C0917,Customer 917,Female,61,Benin City,Consumer,2023-02-20
C0918,Customer 918,Female,64,Kano,Consumer,2024-03-04
C0919,Customer 919,Female,27,Lagos,Corporate,2025-11-04
C0920,Customer 920,Female,47,Enugu,Corporate,2025-03-13
C0921,Customer 921,Male,42,Kaduna,Corporate,2022-01-25
C0922,Customer 922,Male,56,Kano,Consumer,2023-10-30
C0923,Customer 923,Male,37,Benin City,Corporate,2025-01-01
C0924,Customer 924,Male,22,Port Harcourt,Corporate,2023-09-24
C0925,Customer 925,Male,18,Ibadan,Corporate,2025-01-21
C0926,Customer 926,Male,47,Benin City,Corporate,2023-05-20
C0927,Customer 927,Male,66,Kaduna,Corporate,2022-12-02
C0928,Customer 928,Female,20,Port Harcourt,Corporate,2023-03-01
C0929,Customer 929,Female,62,Abuja,Consumer,2023-05-14
C0930,Customer 930,Male,31,Lagos,Consumer,2025-10-19
C0931,Customer 931,Male,47,Enugu,Consumer,2024-08-04
C0932,Customer 932,Female,67,Kano,Consumer,2023-09-22
C0933,Customer 933,Male,21,Kano,Consumer,2025-05-07
C0934,Customer 934,Male,35,Lagos,Consumer,2023-12-19
C0935,Customer 935,Female,54,Enugu,Consumer,2025-12-07
C0936,Customer 936,Male,42,Lagos,Consumer,2022-12-05
C0937,Customer 937,Female,65,Abuja,Corporate,2023-10-21
C0938,Customer 938,Male,18,Kaduna,Home Office,2024-08-19
C0939,Customer 939,Female,63,Port Harcourt,Consumer,2023-03-05
C0940,Customer 940,Female,32,Benin City,Home Office,2024-06-17
C0941,Customer 941,Female,26,Kano,Consumer,2022-05-19
C0942,Customer 942,Male,32,Abuja,Consumer,2024-07-30
C0943,Customer 943,Female,66,Port Harcourt,Consumer,2023-06-26
C0944,Customer 944,Male,41,Abuja,Consumer,2022-02-26
C0945,Customer 945,Male,21,Enugu,Corporate,2025-06-09
C0946,Customer 946,Male,29,Kano,Corporate,2023-10-20
C0947,Customer 947,Male,54,Benin City,Consumer,2023-03-11
C0948,Customer 948,Female,54,Lagos,Consumer,2023-01-19
C0949,Customer 949,Female,60,Lagos,Consumer,2023-07-14
C0950,Customer 950,Male,23,Port Harcourt,Consumer,2022-07-13
C0951,Customer 951,Male,56,Benin City,Consumer,2023-06-18
C0952,Customer 952,Female,63,Kaduna,Consumer,2023-06-02
C0953,Customer 953,Male,41,Ibadan,Corporate,2023-12-17
C0954,Customer 954,Female,28,Enugu,Home Office,2024-01-21
C0955,Customer 955,Male,30,Port Harcourt,Consumer,2022-07-04
C0956,Customer 956,Male,51,Ibadan,Home Office,2022-10-19
C0957,Customer 957,Female,42,Abuja,Consumer,2025-09-20
C0958,Customer 958,Male,24,Enugu,Consumer,2024-01-02
C0959,Customer 959,Female,69,Abuja,Consumer,2022-04-26
C0960,Customer 960,Male,21,Kaduna,Corporate,2024-04-04
C0961,Customer 961,Male,25,Benin City,Home Office,2024-12-08
C0962,Customer 962,Male,37,Kano,Corporate,2023-11-16
C0963,Customer 963,Female,46,Enugu,Consumer,2022-03-23
C0964,Customer 964,Male,68,Ibadan,Corporate,2024-04-13
C0965,Customer 965,Male,62,Kaduna,Consumer,2022-11-29
C0966,Customer 966,Male,63,Kano,Home Office,2023-07-11
C0967,Customer 967,Male,27,Lagos,Consumer,2022-12-01
C0968,Customer 968,Female,60,Ibadan,Consumer,2023-06-16
C0969,Customer 969,Female,51,Port Harcourt,Consumer,2022-08-09
C0970,Customer 970,Male,43,Lagos,Corporate,2023-09-27
C0971,Customer 971,Female,58,Kaduna,Consumer,2022-11-19
C0972,Customer 972,Male,66,Lagos,Corporate,2022-01-03
C0973,Customer 973,Male,20,Port Harcourt,Consumer,2022-07-25
C0974,Customer 974,Male,23,Enugu,Corporate,2022-02-09
C0975,Customer 975,Female,22,Lagos,Corporate,2022-02-28
C0976,Customer 976,Female,22,Benin City,Corporate,2024-08-08
C0977,Customer 977,Female,64,Ibadan,Consumer,2023-07-28
C0978,Customer 978,Female,40,Kano,Consumer,2023-10-06
C0979,Customer 979,Female,66,Lagos,Consumer,2024-04-22
C0980,Customer 980,Female,26,Ibadan,Corporate,2025-02-19
C0981,Customer 981,Female,52,Abuja,Consumer,2023-09-11
C0982,Customer 982,Female,37,Ibadan,Consumer,2022-04-06
C0983,Customer 983,Female,66,Kano,Consumer,2025-12-08
C0984,Customer 984,Male,59,Ibadan,Consumer,2025-06-12
C0985,Customer 985,Female,52,Port Harcourt,Corporate,2024-06-16
C0986,Customer 986,Female,67,Kaduna,Consumer,2024-12-21
C0987,Customer 987,Female,35,Kano,Corporate,2025-07-03
C0988,Customer 988,Female,34,Kaduna,Consumer,2023-07-15
C0989,Customer 989,Female,41,Enugu,Consumer,2024-06-23
C0990,Customer 990,Female,20,Kaduna,Consumer,2022-12-14
C0991,Customer 991,Female,49,Abuja,Consumer,2023-11-02
C0992,Customer 992,Female,52,Port Harcourt,Consumer,2025-02-21
C0993,Customer 993,Female,55,Enugu,Corporate,2022-11-13
C0994,Customer 994,Female,30,Ibadan,Consumer,2023-12-20
C0995,Customer 995,Female,64,Kano,Corporate,2024-12-07
C0996,Customer 996,Male,42,Abuja,Consumer,2025-12-03
C0997,Customer 997,Male,26,Port Harcourt,Consumer,2025-03-05
C0998,Customer 998,Female,21,Enugu,Corporate,2025-05-09
C0999,Customer 999,Female,31,Enugu,Consumer,2022-09-07
C1000,Customer 1000,Male,54,Abuja,Consumer,2022-11-10
